﻿infoType,thisWord,thisColor,condition,corrAns
trial,RED,red,congruent,1
trial,BLUE,blue,congruent,2
trial,GREEN,green,congruent,9
trial,YELLOW,yellow,congruent,0
trial,RED,blue,incongruent,2
trial,BLUE,green,incongruent,9
trial,GREEN,yellow,incongruent,0
trial,YELLOW,red,incongruent,1
trial,RED,red,congruent,1
trial,BLUE,blue,congruent,2
trial,GREEN,green,congruent,9
trial,YELLOW,yellow,congruent,0
trial,RED,green,incongruent,9
trial,BLUE,yellow,incongruent,0
trial,GREEN,red,incongruent,1
trial,YELLOW,blue,incongruent,2